City_ID,City,Lat,Lng,Max Temp,Humidity,Cloudiness,Wind Speed,Country,Date,Current Description
0,Mwinilunga,-11.7358,24.4293,60.67,96,83,1.01,ZM,2022-04-06 00:40:27,broken clouds
1,Jamestown,42.097,-79.2353,55.04,48,0,6.91,US,2022-04-06 00:36:01,clear sky
2,Sangar,63.9242,127.4739,1.65,93,100,4.92,RU,2022-04-06 00:40:28,overcast clouds
3,Kaitangata,-46.2817,169.8464,54.19,64,60,20.18,NZ,2022-04-06 00:40:28,broken clouds
4,Tiksi,71.6872,128.8694,-10.43,100,100,3.4,RU,2022-04-06 00:40:28,overcast clouds
5,Coquimbo,-29.9533,-71.3436,61.72,77,6,2.42,CL,2022-04-06 00:37:15,clear sky
6,La Palma,33.8464,-118.0467,86.67,65,0,10.36,US,2022-04-06 00:40:29,clear sky
7,Saskylakh,71.9167,114.0833,-13.0,97,62,4.38,RU,2022-04-06 00:40:29,broken clouds
8,Sakaiminato,35.55,133.2333,60.78,59,20,14.97,JP,2022-04-06 00:40:29,few clouds
9,Tuktoyaktuk,69.4541,-133.0374,-5.8,71,20,9.22,CA,2022-04-06 00:40:30,few clouds
10,Ostrovnoy,68.0531,39.5131,21.6,90,100,14.67,RU,2022-04-06 00:40:30,overcast clouds
11,Waycross,31.2136,-82.354,66.25,94,100,0.0,US,2022-04-06 00:40:30,moderate rain
12,Havoysund,70.9963,24.6622,32.23,75,100,31.38,NO,2022-04-06 00:40:30,overcast clouds
13,Busselton,-33.65,115.3333,62.98,61,98,8.99,AU,2022-04-06 00:40:31,overcast clouds
14,The Valley,18.217,-63.0578,78.82,76,17,17.78,AI,2022-04-06 00:40:31,few clouds
15,Maragogi,-9.0122,-35.2225,77.32,84,66,4.54,BR,2022-04-06 00:40:03,broken clouds
16,Qui Nhon,13.7667,109.2333,76.17,80,100,19.26,VN,2022-04-06 00:40:31,overcast clouds
17,Shar,49.5886,81.0453,38.91,77,17,10.11,KZ,2022-04-06 00:40:32,few clouds
18,Malatya,38.5,38.0,48.25,46,100,5.75,TR,2022-04-06 00:40:32,overcast clouds
19,Bluff,-46.6,168.3333,52.88,69,86,33.51,NZ,2022-04-06 00:40:32,overcast clouds
20,Te Anau,-45.4167,167.7167,52.18,64,93,7.23,NZ,2022-04-06 00:40:33,overcast clouds
21,Mataura,-46.1927,168.8643,50.31,78,99,12.73,NZ,2022-04-06 00:40:33,overcast clouds
22,Puerto Ayora,-0.7393,-90.3518,78.06,86,25,7.09,EC,2022-04-06 00:40:33,scattered clouds
23,Ushuaia,-54.8,-68.3,37.06,87,40,25.32,AR,2022-04-06 00:40:33,scattered clouds
24,Christchurch,-43.5333,172.6333,62.01,84,20,11.5,NZ,2022-04-06 00:40:31,light rain
25,Yellowknife,62.456,-114.3525,30.42,70,75,9.22,CA,2022-04-06 00:40:34,broken clouds
26,East London,-33.0153,27.9116,65.8,70,51,10.54,ZA,2022-04-06 00:36:15,broken clouds
27,New Norfolk,-42.7826,147.0587,58.71,36,0,2.75,AU,2022-04-06 00:40:34,clear sky
28,Kaeo,-35.1,173.7833,79.32,74,21,10.78,NZ,2022-04-06 00:40:34,few clouds
29,Punta Arenas,-53.15,-70.9167,39.31,70,20,4.61,CL,2022-04-06 00:40:35,few clouds
30,Castro,-24.7911,-50.0119,63.52,97,72,5.03,BR,2022-04-06 00:40:35,broken clouds
31,Provideniya,64.3833,-173.3,15.91,57,0,8.95,RU,2022-04-06 00:40:36,clear sky
32,Poum,-20.2333,164.0167,80.53,89,100,39.1,NC,2022-04-06 00:40:36,moderate rain
33,Kodiak,57.79,-152.4072,38.71,70,100,12.66,US,2022-04-06 00:40:37,overcast clouds
34,Riviere-Au-Renard,48.9957,-64.3971,32.29,84,9,15.95,CA,2022-04-06 00:40:37,clear sky
35,Cape Town,-33.9258,18.4232,58.12,89,75,9.22,ZA,2022-04-06 00:38:21,broken clouds
36,Sarh,9.1429,18.3923,83.52,45,98,7.36,TD,2022-04-06 00:40:37,overcast clouds
37,Dikson,73.5069,80.5464,-0.53,80,17,19.17,RU,2022-04-06 00:40:38,few clouds
38,Beatrice,40.2681,-96.747,50.18,76,100,6.91,US,2022-04-06 00:40:38,light rain
39,Avera,33.194,-82.5271,65.71,89,100,14.76,US,2022-04-06 00:40:38,overcast clouds
40,Isangel,-19.55,169.2667,84.31,79,100,4.61,VU,2022-04-06 00:40:39,light rain
41,Rikitea,-23.1203,-134.9692,79.18,66,87,16.69,PF,2022-04-06 00:40:39,overcast clouds
42,Bagdarin,54.4333,113.6,17.56,64,100,0.67,RU,2022-04-06 00:40:39,overcast clouds
43,Katherine,-14.4667,132.2667,86.32,62,0,2.3,AU,2022-04-06 00:40:40,clear sky
44,Tasiilaq,65.6145,-37.6368,17.76,90,47,7.09,GL,2022-04-06 00:40:40,scattered clouds
45,Norman Wells,65.282,-126.8329,15.84,41,20,5.75,CA,2022-04-06 00:36:54,few clouds
46,Luderitz,-26.6481,15.1594,59.76,75,0,11.9,NA,2022-04-06 00:40:41,clear sky
47,Hilo,19.7297,-155.09,78.53,76,100,6.91,US,2022-04-06 00:40:42,overcast clouds
48,Katsuura,35.1333,140.3,61.95,66,100,13.13,JP,2022-04-06 00:37:39,overcast clouds
49,Novo Aripuana,-5.1206,-60.3797,74.35,98,100,2.57,BR,2022-04-06 00:41:43,overcast clouds
50,Nikolskoye,59.7035,30.7861,28.29,78,100,12.17,RU,2022-04-06 00:41:43,overcast clouds
51,Moron,-34.6534,-58.6198,65.97,61,0,5.5,AR,2022-04-06 00:41:43,clear sky
52,Faanui,-16.4833,-151.75,82.92,76,6,19.73,PF,2022-04-06 00:41:44,light rain
53,Derzhavinsk,51.1,66.3167,30.25,87,24,8.03,KZ,2022-04-06 00:41:19,few clouds
54,Ponta Do Sol,32.6667,-17.1,59.0,64,48,8.03,PT,2022-04-06 00:41:44,scattered clouds
55,Tuy Hoa,13.0833,109.3,74.95,86,100,12.46,VN,2022-04-06 00:39:55,overcast clouds
56,Saint-Philippe,-21.3585,55.7679,75.22,88,100,9.4,RE,2022-04-06 00:41:44,light rain
57,Drayton Valley,53.2168,-114.9854,42.44,49,100,13.27,CA,2022-04-06 00:41:45,overcast clouds
58,Lavrentiya,65.5833,-171.0,2.17,75,3,5.17,RU,2022-04-06 00:41:45,clear sky
59,Matiri,-10.75,34.9,61.61,94,95,2.91,TZ,2022-04-06 00:41:45,overcast clouds
60,Albany,42.6001,-73.9662,54.25,59,100,5.55,US,2022-04-06 00:41:46,overcast clouds
61,Hovd,48.0056,91.6419,45.41,27,3,3.27,MN,2022-04-06 00:41:46,clear sky
62,Port Macquarie,-31.4333,152.9167,74.35,66,1,4.45,AU,2022-04-06 00:40:30,clear sky
63,Qaanaaq,77.484,-69.3632,11.39,90,100,1.52,GL,2022-04-06 00:41:46,overcast clouds
64,Arlit,18.7369,7.3853,86.2,6,98,10.09,NE,2022-04-06 00:41:47,overcast clouds
65,Kumo,10.0447,11.2122,84.99,23,48,4.43,NG,2022-04-06 00:41:47,scattered clouds
66,Airai,-8.9266,125.4092,71.58,59,74,2.44,TL,2022-04-06 00:39:46,broken clouds
67,Cabo San Lucas,22.8909,-109.9124,75.61,64,0,12.66,MX,2022-04-06 00:39:47,clear sky
68,Najran,17.4924,44.1277,65.05,13,0,2.82,SA,2022-04-06 00:41:48,clear sky
69,Meulaboh,4.1363,96.1285,77.77,84,100,2.98,ID,2022-04-06 00:41:48,overcast clouds
70,Araouane,18.9048,-3.5265,84.47,14,0,10.83,ML,2022-04-06 00:41:48,clear sky
71,Youghal,51.95,-7.8506,48.09,100,100,16.55,IE,2022-04-06 00:41:49,overcast clouds
72,Arraial Do Cabo,-22.9661,-42.0278,76.53,89,8,13.29,BR,2022-04-06 00:41:49,clear sky
73,Nemuro,43.3236,145.575,40.44,86,0,21.03,JP,2022-04-06 00:38:54,clear sky
74,Tigil,57.8,158.6667,29.44,89,88,5.32,RU,2022-04-06 00:41:49,overcast clouds
75,Kapaa,22.0752,-159.319,78.78,83,100,11.5,US,2022-04-06 00:41:49,light rain
76,Xunchang,28.4543,104.715,61.74,75,100,0.78,CN,2022-04-06 00:41:50,overcast clouds
77,Barrow,71.2906,-156.7887,-11.18,77,0,5.75,US,2022-04-06 00:41:50,clear sky
78,Pevek,69.7008,170.3133,-5.19,93,100,5.19,RU,2022-04-06 00:41:50,overcast clouds
79,Vaini,-21.2,-175.2,77.16,94,75,4.61,TO,2022-04-06 00:41:51,light intensity shower rain
80,Nanortalik,60.1432,-45.2371,30.63,88,51,1.72,GL,2022-04-06 00:41:51,broken clouds
81,Mehran,33.1222,46.1646,72.57,22,100,4.41,IR,2022-04-06 00:41:52,overcast clouds
82,Port Elizabeth,-33.918,25.5701,64.09,74,0,19.57,ZA,2022-04-06 00:41:52,clear sky
83,Georgetown,5.4112,100.3354,78.73,99,20,2.3,MY,2022-04-06 00:37:13,few clouds
84,Tacotalpa,17.6,-92.8167,90.86,65,4,3.06,MX,2022-04-06 00:41:52,clear sky
85,Ligayan,4.6533,119.4706,80.37,82,100,17.43,PH,2022-04-06 00:41:53,moderate rain
86,Thompson,55.7435,-97.8558,39.36,52,75,9.22,CA,2022-04-06 00:41:53,broken clouds
87,Conway,35.0887,-92.4421,71.58,85,0,4.63,US,2022-04-06 00:41:30,clear sky
88,Hermanus,-34.4187,19.2345,61.81,80,65,15.82,ZA,2022-04-06 00:41:54,light rain
89,Rio Grande,-32.035,-52.0986,56.95,67,0,8.19,BR,2022-04-06 00:41:55,clear sky
90,Nantucket,41.2835,-70.0995,46.51,81,0,3.44,US,2022-04-06 00:41:53,clear sky
91,Hithadhoo,-0.6,73.0833,82.26,69,16,4.23,MV,2022-04-06 00:41:55,few clouds
92,Bengkulu,-3.8004,102.2655,77.11,81,100,3.09,ID,2022-04-06 00:41:56,overcast clouds
93,Bowen,-20.0167,148.2333,83.34,60,9,8.7,AU,2022-04-06 00:41:56,clear sky
94,Kirensk,57.7853,108.1119,25.88,82,99,4.88,RU,2022-04-06 00:42:57,overcast clouds
95,Broome,42.2506,-75.833,55.78,43,0,6.91,US,2022-04-06 00:42:57,clear sky
96,Sioux Lookout,50.1001,-91.917,39.27,60,100,9.22,CA,2022-04-06 00:42:57,overcast clouds
97,Santo Antonio Do Ica,-3.1022,-67.9397,72.12,99,100,0.89,BR,2022-04-06 00:42:58,overcast clouds
98,Leningradskiy,69.3833,178.4167,-3.5,93,81,23.96,RU,2022-04-06 00:42:58,broken clouds
99,Acarau,-2.8856,-40.12,77.49,85,100,9.24,BR,2022-04-06 00:42:58,light rain
100,Dolzhanskaya,46.6311,37.8039,43.83,81,28,15.97,RU,2022-04-06 00:42:58,scattered clouds
101,San Cristobal,7.7669,-72.225,73.58,94,99,2.77,VE,2022-04-06 00:42:59,overcast clouds
102,Sao Joao Da Barra,-21.6403,-41.0511,75.83,93,51,8.23,BR,2022-04-06 00:42:59,broken clouds
103,Gunzenhausen,49.1,10.75,47.05,95,100,10.27,DE,2022-04-06 00:42:59,overcast clouds
104,Atuona,-9.8,-139.0333,79.48,72,0,21.72,PF,2022-04-06 00:43:00,clear sky
105,Necochea,-38.5473,-58.7368,62.98,55,13,9.44,AR,2022-04-06 00:43:00,few clouds
106,Goderich,43.7501,-81.7165,41.32,81,100,2.3,CA,2022-04-06 00:43:00,overcast clouds
107,Geraldton,-28.7667,114.6,68.41,64,8,10.36,AU,2022-04-06 00:43:01,clear sky
108,San Patricio,28.017,-97.5169,82.35,79,2,2.46,US,2022-04-06 00:43:01,clear sky
109,Jaffna,9.6685,80.0074,79.52,77,54,2.73,LK,2022-04-06 00:40:10,broken clouds
110,Viseu,40.661,-7.9097,38.86,78,98,1.32,PT,2022-04-06 00:43:01,overcast clouds
111,Osinovo,55.8809,48.881,26.69,90,100,8.3,RU,2022-04-06 00:43:02,overcast clouds
112,Haines Junction,60.7522,-137.5108,40.95,22,5,9.22,CA,2022-04-06 00:43:02,clear sky
113,Rundu,-17.9333,19.7667,67.91,67,17,4.12,NA,2022-04-06 00:43:03,few clouds
114,Lasa,46.6166,10.7002,45.48,82,42,1.45,IT,2022-04-06 00:43:03,scattered clouds
115,Beyla,8.6833,-8.6333,74.86,63,18,3.49,GN,2022-04-06 00:43:03,few clouds
116,Kahului,20.8947,-156.47,84.22,66,20,20.71,US,2022-04-06 00:43:04,few clouds
117,Hobart,-42.8794,147.3294,59.05,57,75,4.61,AU,2022-04-06 00:43:04,broken clouds
118,Namibe,-15.1961,12.1522,69.71,82,18,5.14,AO,2022-04-06 00:43:04,few clouds
119,San Juan,-31.5375,-68.5364,72.12,32,0,8.37,AR,2022-04-06 00:43:05,clear sky
120,Lompoc,34.6391,-120.4579,83.79,58,0,32.01,US,2022-04-06 00:43:05,clear sky
121,Arima,10.6333,-61.2833,78.44,78,20,5.75,TT,2022-04-06 00:43:06,few clouds
122,Aripuana,-9.1667,-60.6333,73.45,98,100,0.76,BR,2022-04-06 00:43:06,moderate rain
123,Enid,36.3956,-97.8784,77.16,56,0,10.36,US,2022-04-06 00:43:07,clear sky
124,Neftcala,39.3742,49.2472,51.3,82,96,5.97,AZ,2022-04-06 00:41:12,overcast clouds
125,Waingapu,-9.6567,120.2641,82.96,73,100,5.01,ID,2022-04-06 00:43:07,overcast clouds
126,Nicoya,10.1483,-85.452,82.09,73,98,2.71,CR,2022-04-06 00:43:08,overcast clouds
127,Furano,43.2818,142.4743,45.9,90,86,7.4,JP,2022-04-06 00:43:08,overcast clouds
128,Sao Filipe,14.8961,-24.4956,71.46,72,0,8.79,CV,2022-04-06 00:43:08,clear sky
129,Coihaique,-45.5752,-72.0662,56.01,82,75,8.05,CL,2022-04-06 00:43:09,broken clouds
130,Puro,12.4841,123.3827,81.91,77,99,12.66,PH,2022-04-06 00:43:09,overcast clouds
131,Palu,-0.8917,119.8707,85.42,64,75,2.37,ID,2022-04-06 00:43:09,broken clouds
132,Soyo,-6.1349,12.3689,76.93,90,100,7.14,AO,2022-04-06 00:43:10,overcast clouds
133,Sao Gabriel Da Cachoeira,-0.1303,-67.0892,72.43,100,100,3.53,BR,2022-04-06 00:43:10,overcast clouds
134,Gautier,30.3858,-88.6117,75.29,93,100,5.75,US,2022-04-06 00:43:10,overcast clouds
135,Klaksvik,62.2266,-6.589,32.92,66,100,20.76,FO,2022-04-06 00:43:11,light snow
136,Esperance,-33.8667,121.9,62.44,66,91,8.46,AU,2022-04-06 00:43:11,overcast clouds
137,Tamandare,-8.7597,-35.1047,77.5,84,51,5.01,BR,2022-04-06 00:41:48,broken clouds
138,Port Hedland,-20.3167,118.5667,87.85,45,0,10.36,AU,2022-04-06 00:44:12,clear sky
139,Constitucion,-35.3333,-72.4167,55.76,85,13,11.12,CL,2022-04-06 00:44:13,few clouds
140,Kieta,-6.2167,155.6333,82.53,81,100,9.08,PG,2022-04-06 00:44:14,light rain
141,Biak,-0.9131,122.8766,80.55,74,100,5.73,ID,2022-04-06 00:44:14,overcast clouds
142,Roald,62.5833,6.1333,33.33,93,20,5.75,NO,2022-04-06 00:44:14,few clouds
143,Mahibadhoo,3.7833,72.9667,83.1,66,29,2.8,MV,2022-04-06 00:44:15,scattered clouds
144,Loubomo,-4.1997,12.6739,72.39,96,100,2.95,CG,2022-04-06 00:44:15,overcast clouds
145,Bredasdorp,-34.5322,20.0403,58.37,74,21,13.18,ZA,2022-04-06 00:44:15,few clouds
146,Butaritari,3.0707,172.7902,81.32,80,100,17.43,KI,2022-04-06 00:44:16,overcast clouds
147,Torbay,47.6666,-52.7314,33.76,86,75,19.57,CA,2022-04-06 00:44:16,broken clouds
148,Kavieng,-2.5744,150.7967,81.39,76,100,14.29,PG,2022-04-06 00:44:16,light rain
149,Iberia,29.9502,-91.7507,77.09,83,100,10.36,US,2022-04-06 00:41:38,overcast clouds
150,Hasaki,35.7333,140.8333,63.0,74,100,10.71,JP,2022-04-06 00:44:17,overcast clouds
151,Minas,-34.3759,-55.2377,57.31,45,0,5.79,UY,2022-04-06 00:41:26,clear sky
152,Kruisfontein,-34.0033,24.7314,61.88,75,98,12.21,ZA,2022-04-06 00:44:17,overcast clouds
153,Lynchburg,37.4138,-79.1423,60.94,92,100,0.0,US,2022-04-06 00:40:31,overcast clouds
154,Viedma,-40.8135,-62.9967,68.74,41,96,11.61,AR,2022-04-06 00:44:18,overcast clouds
155,Abeche,13.8292,20.8324,82.92,14,0,9.51,TD,2022-04-06 00:44:18,clear sky
156,Basco,20.4487,121.9702,75.07,74,100,21.99,PH,2022-04-06 00:44:18,overcast clouds
157,Dudinka,69.4058,86.1778,16.57,75,100,17.2,RU,2022-04-06 00:44:19,overcast clouds
158,Plover,44.4564,-89.544,41.99,66,100,12.66,US,2022-04-06 00:39:43,light rain
159,Pangoa,-12.1167,-73.0,70.02,95,15,2.51,PE,2022-04-06 00:44:19,few clouds
160,Lamar,33.6668,-95.5836,82.31,54,0,8.05,US,2022-04-06 00:44:19,clear sky
161,Egvekinot,66.3167,-179.1667,-2.11,79,37,2.55,RU,2022-04-06 00:44:20,scattered clouds
162,Lebu,-37.6167,-73.65,54.57,94,100,8.3,CL,2022-04-06 00:44:20,overcast clouds
163,Varhaug,58.6147,5.6457,33.85,60,100,5.53,NO,2022-04-06 00:44:20,overcast clouds
164,Souillac,-20.5167,57.5167,79.18,89,40,8.05,MU,2022-04-06 00:44:21,scattered clouds
165,Khatanga,71.9667,102.5,-2.2,89,12,11.36,RU,2022-04-06 00:44:21,few clouds
166,Taoudenni,22.6783,-3.9836,81.45,22,0,13.89,ML,2022-04-06 00:44:21,clear sky
167,Robertsport,6.7533,-11.3686,78.58,88,7,8.75,LR,2022-04-06 00:44:22,clear sky
168,Labuhan,-6.8844,112.2051,80.24,82,96,10.0,ID,2022-04-06 00:44:22,overcast clouds
169,Riberalta,-10.9833,-66.1,75.61,89,80,2.51,BO,2022-04-06 00:44:22,broken clouds
170,Plettenberg Bay,-34.0527,23.3716,59.05,83,57,8.86,ZA,2022-04-06 00:44:23,broken clouds
171,Bathsheba,13.2167,-59.5167,79.41,73,20,14.97,BB,2022-04-06 00:44:23,few clouds
172,Carnarvon,-24.8667,113.6333,77.07,61,0,11.5,AU,2022-04-06 00:44:23,clear sky
173,Longyearbyen,78.2186,15.6401,8.44,72,0,16.11,SJ,2022-04-06 00:40:00,clear sky
174,Barra,-11.0894,-43.1417,81.68,49,91,5.61,BR,2022-04-06 00:44:24,overcast clouds
175,Careva Cuprija,44.2658,18.4292,38.71,65,1,4.29,BA,2022-04-06 00:44:24,clear sky
176,Babol,36.5513,52.679,54.21,78,40,4.52,IR,2022-04-06 00:44:25,scattered clouds
177,Grantham,52.9115,-0.6418,51.69,78,100,21.85,GB,2022-04-06 00:44:25,overcast clouds
178,Hobyo,5.3505,48.5268,80.35,72,16,11.23,SO,2022-04-06 00:44:25,few clouds
179,Bonavista,48.6499,-53.1147,31.51,96,100,25.17,CA,2022-04-06 00:44:25,light snow
180,Road Town,18.4167,-64.6167,78.89,69,40,11.5,VG,2022-04-06 00:44:26,scattered clouds
181,Cao Bang,22.6667,106.25,73.81,58,7,0.65,VN,2022-04-06 00:40:16,clear sky
182,Strezhevoy,60.7333,77.5889,34.18,97,100,16.71,RU,2022-04-06 00:44:26,light snow
183,Santa Maria,-29.6842,-53.8069,65.5,94,0,3.44,BR,2022-04-06 00:44:27,clear sky
184,Port Lincoln,-34.7333,135.8667,64.9,68,38,18.12,AU,2022-04-06 00:45:27,scattered clouds
185,Zdounky,49.2277,17.319,46.76,85,97,10.92,CZ,2022-04-06 00:45:27,overcast clouds
186,Comodoro Rivadavia,-45.8667,-67.5,51.66,87,100,10.36,AR,2022-04-06 00:42:46,heavy intensity drizzle
187,Port Alfred,-33.5906,26.891,61.84,77,6,11.48,ZA,2022-04-06 00:45:28,clear sky
188,Tres Picos,15.8667,-93.5333,80.15,74,3,3.51,MX,2022-04-06 00:45:28,clear sky
189,Avarua,-21.2078,-159.775,86.05,70,100,11.5,CK,2022-04-06 00:45:28,overcast clouds
190,Margate,51.3813,1.3862,50.31,72,84,22.95,GB,2022-04-06 00:45:29,broken clouds
191,Bairiki,1.3292,172.9752,86.0,74,20,16.11,KI,2022-04-06 00:45:29,few clouds
192,La Sarre,48.8002,-79.1996,32.32,93,18,7.27,CA,2022-04-06 00:43:40,few clouds
193,Takoradi,4.8845,-1.7554,81.23,83,54,4.9,GH,2022-04-06 00:45:30,broken clouds
194,Maiduguri,11.8464,13.1603,84.45,8,43,6.85,NG,2022-04-06 00:45:30,scattered clouds
195,Portland,45.5234,-122.6762,56.7,54,75,5.75,US,2022-04-06 00:43:21,broken clouds
196,Litovko,49.2361,135.1742,29.84,60,100,20.62,RU,2022-04-06 00:45:30,overcast clouds
197,Yarmouth,41.7057,-70.2286,46.87,76,0,9.22,US,2022-04-06 00:45:31,clear sky
198,Chuy,-33.6971,-53.4616,56.79,71,0,6.64,UY,2022-04-06 00:45:31,clear sky
199,Guerrero Negro,27.9769,-114.0611,64.11,76,0,15.66,MX,2022-04-06 00:45:32,clear sky
200,Morris,40.8334,-74.5329,48.72,78,100,3.44,US,2022-04-06 00:41:07,overcast clouds
201,Vendome,47.8,1.0667,50.29,98,19,6.06,FR,2022-04-06 00:41:39,few clouds
202,Upernavik,72.7868,-56.1549,19.69,98,100,5.1,GL,2022-04-06 00:45:32,light snow
203,Namatanai,-3.6667,152.4333,77.86,90,100,9.42,PG,2022-04-06 00:45:33,moderate rain
204,Hambantota,6.1241,81.1185,73.74,100,20,1.14,LK,2022-04-06 00:45:33,few clouds
205,San Policarpo,12.1791,125.5072,81.82,80,100,14.29,PH,2022-04-06 00:45:34,overcast clouds
206,Ilulissat,69.2167,-51.1,26.62,86,75,6.91,GL,2022-04-06 00:45:34,broken clouds
207,Iqaluit,63.7506,-68.5145,2.93,77,75,25.32,CA,2022-04-06 00:45:35,broken clouds
208,Wakkanai,45.4094,141.6739,33.78,93,75,17.27,JP,2022-04-06 00:45:35,broken clouds
209,Minot,48.2325,-101.2963,37.62,93,100,10.36,US,2022-04-06 00:45:36,overcast clouds
210,Rawson,-43.3002,-65.1023,70.16,41,100,15.93,AR,2022-04-06 00:44:30,overcast clouds
211,Muros,42.7762,-9.0603,47.08,68,0,9.73,ES,2022-04-06 00:45:36,clear sky
212,Beihai,21.4833,109.1,72.18,72,13,0.76,CN,2022-04-06 00:45:36,few clouds
213,Berlevag,70.8578,29.0864,30.0,87,100,28.92,NO,2022-04-06 00:45:37,light snow
214,Maniitsoq,65.4167,-52.9,26.55,92,96,3.24,GL,2022-04-06 00:45:37,overcast clouds
215,Dauphin,51.1494,-100.0502,37.54,97,100,2.3,CA,2022-04-06 00:45:37,overcast clouds
216,Paredon,16.0333,-93.8667,81.64,68,5,4.54,MX,2022-04-06 00:45:38,clear sky
217,De-Kastri,51.4667,140.7833,33.87,49,100,12.33,RU,2022-04-06 00:45:38,overcast clouds
218,Bollnas,61.3482,16.3946,26.1,66,1,11.12,SE,2022-04-06 00:45:38,clear sky
219,Melfi,40.9965,15.6514,41.49,89,35,4.54,IT,2022-04-06 00:45:38,scattered clouds
220,Boyuibe,-20.4167,-63.2833,73.45,69,100,1.63,BO,2022-04-06 00:45:39,overcast clouds
221,Truth Or Consequences,33.1284,-107.2528,86.23,10,0,23.02,US,2022-04-06 00:45:39,clear sky
222,Srednekolymsk,67.45,153.6833,-1.39,87,85,6.08,RU,2022-04-06 00:45:39,overcast clouds
223,Bac Lieu,9.285,105.7244,83.08,72,96,12.01,VN,2022-04-06 00:45:40,overcast clouds
224,Beisfjord,68.3751,17.5988,28.45,87,100,7.11,NO,2022-04-06 00:45:40,overcast clouds
225,Oyama,36.3,139.8,60.58,68,100,2.04,JP,2022-04-06 00:45:40,overcast clouds
226,Sumkino,58.1108,68.3244,29.32,83,100,13.82,RU,2022-04-06 00:45:40,overcast clouds
227,Elizabeth City,36.2946,-76.2511,66.22,89,75,12.66,US,2022-04-06 00:45:41,broken clouds
228,San Vicente,-26.6167,-54.1333,65.44,98,90,1.86,AR,2022-04-06 00:46:41,light rain
229,Kastamonu,41.5,33.6667,38.35,91,8,3.27,TR,2022-04-06 00:46:41,clear sky
230,Saint-Pierre,-21.3393,55.4781,75.29,88,75,4.61,RE,2022-04-06 00:46:42,broken clouds
231,Husavik,66.0449,-17.3389,28.13,78,100,24.0,IS,2022-04-06 00:46:42,overcast clouds
232,Cabra,37.4725,-4.4421,41.67,89,19,3.62,ES,2022-04-06 00:46:42,few clouds
233,Vardo,70.3705,31.1107,33.03,69,100,26.8,NO,2022-04-06 00:46:43,overcast clouds
234,Spokane,47.6166,-117.3677,52.21,32,75,23.02,US,2022-04-06 00:46:43,broken clouds
235,Codrington,-38.2667,141.9667,63.86,58,77,11.7,AU,2022-04-06 00:46:43,broken clouds
236,Grindavik,63.8424,-22.4338,28.87,69,40,24.16,IS,2022-04-06 00:46:43,scattered clouds
237,Jalu,29.0331,21.5482,81.46,9,64,2.91,LY,2022-04-06 00:46:44,broken clouds
238,Kargasok,59.0556,80.8572,35.49,88,8,11.61,RU,2022-04-06 00:46:44,clear sky
239,Vaitape,-16.5167,-151.75,82.99,76,7,19.77,PF,2022-04-06 00:46:44,light rain
240,Harper,4.375,-7.7169,80.51,87,100,7.14,LR,2022-04-06 00:46:45,overcast clouds
241,Puttur,12.7667,75.2167,78.91,98,94,1.5,IN,2022-04-06 00:46:45,overcast clouds
242,Nijar,36.9665,-2.206,47.84,76,100,5.75,ES,2022-04-06 00:46:45,overcast clouds
243,Diego De Almagro,-26.3667,-70.05,66.94,23,38,1.88,CL,2022-04-06 00:46:46,scattered clouds
244,Valparai,10.3667,76.9667,61.45,83,5,2.24,IN,2022-04-06 00:46:46,clear sky
245,Igrim,63.1906,64.4162,22.68,94,100,10.71,RU,2022-04-06 00:46:46,light snow
246,Tuatapere,-46.1333,167.6833,50.92,76,100,19.24,NZ,2022-04-06 00:46:47,overcast clouds
247,Bambanglipuro,-7.95,110.2833,79.47,82,97,2.37,ID,2022-04-06 00:46:47,overcast clouds
248,Eureka,40.8021,-124.1637,60.67,74,8,8.99,US,2022-04-06 00:46:47,clear sky
249,Mar Del Plata,-38.0023,-57.5575,67.08,65,0,13.8,AR,2022-04-06 00:46:48,clear sky
250,Crowley,30.2141,-92.3746,77.07,89,1,9.13,US,2022-04-06 00:45:47,clear sky
251,Fortuna,40.5982,-124.1573,55.92,68,0,14.97,US,2022-04-06 00:46:48,clear sky
252,Plouzane,48.3833,-4.6167,50.18,76,100,12.66,FR,2022-04-06 00:46:48,overcast clouds
253,Magadan,59.5667,150.8,24.53,71,100,16.8,RU,2022-04-06 00:46:49,overcast clouds
254,Kysyl-Syr,63.8986,122.7617,5.11,89,67,6.8,RU,2022-04-06 00:46:49,broken clouds
255,Rocha,-34.4833,-54.3333,53.73,62,0,6.89,UY,2022-04-06 00:46:49,clear sky
256,Golfito,8.639,-83.166,75.09,97,100,3.33,CR,2022-04-06 00:46:49,overcast clouds
257,Hami,42.8,93.45,61.03,19,0,8.32,CN,2022-04-06 00:46:50,clear sky
258,Westport,41.1415,-73.3579,51.13,70,100,4.61,US,2022-04-06 00:42:40,overcast clouds
259,Naco,31.3347,-109.9483,77.85,16,0,16.46,MX,2022-04-06 00:46:51,clear sky
260,Port-Gentil,-0.7193,8.7815,80.58,81,100,8.21,GA,2022-04-06 00:46:51,overcast clouds
261,Lata,40.1629,-8.3327,53.82,76,99,2.71,PT,2022-04-06 00:46:51,overcast clouds
262,Henties Bay,-22.116,14.2845,60.3,84,0,7.18,NA,2022-04-06 00:46:51,clear sky
263,Vestmannaeyjar,63.4427,-20.2734,29.71,61,3,26.57,IS,2022-04-06 00:46:52,clear sky
264,Gola Gokarannath,28.0833,80.4667,71.56,12,25,2.13,IN,2022-04-06 00:46:52,scattered clouds
265,Cidreira,-30.1811,-50.2056,66.65,76,3,5.75,BR,2022-04-06 00:46:52,clear sky
266,Bethel,41.3712,-73.414,49.87,61,100,4.72,US,2022-04-06 00:45:54,overcast clouds
267,Kavaratti,10.5669,72.642,83.19,73,25,6.26,IN,2022-04-06 00:46:53,scattered clouds
268,Keffi,8.8486,7.8736,83.19,52,97,2.37,NG,2022-04-06 00:46:53,overcast clouds
269,Salalah,17.0151,54.0924,77.09,83,20,3.44,OM,2022-04-06 00:46:53,few clouds
270,Ocampo,21.65,-101.5,66.7,15,3,11.7,MX,2022-04-06 00:46:53,clear sky
271,Morro Bay,35.3658,-120.8499,83.28,54,0,7.0,US,2022-04-06 00:46:54,clear sky
272,Tautira,-17.7333,-149.15,82.0,80,29,22.37,PF,2022-04-06 00:47:54,light rain
273,Cherskiy,68.75,161.3,-1.1,88,89,4.76,RU,2022-04-06 00:47:54,overcast clouds
274,Fayaoue,-20.65,166.5333,78.28,85,100,22.91,NC,2022-04-06 00:47:55,overcast clouds
275,Ribeira Grande,38.5167,-28.7,60.71,88,46,14.0,PT,2022-04-06 00:47:55,scattered clouds
276,Severo-Kurilsk,50.6789,156.125,36.55,91,51,2.17,RU,2022-04-06 00:47:55,broken clouds
277,Daugavpils,55.8833,26.5333,28.74,80,71,11.92,LV,2022-04-06 00:47:56,broken clouds
278,Honiara,-9.4333,159.95,80.17,88,100,8.21,SB,2022-04-06 00:47:56,overcast clouds
279,Okhotsk,59.3833,143.3,24.82,78,100,22.15,RU,2022-04-06 00:47:56,light snow
280,Moose Factory,51.2585,-80.6094,28.4,69,0,9.22,CA,2022-04-06 00:47:57,clear sky
281,Barinas,8.6226,-70.2075,80.74,67,47,1.28,VE,2022-04-06 00:47:57,scattered clouds
282,Sitka,57.0531,-135.33,44.49,61,40,11.5,US,2022-04-06 00:47:57,scattered clouds
283,Saint George,37.1041,-113.5841,82.99,10,0,21.85,US,2022-04-06 00:45:09,clear sky
284,Thurso,58.5927,-3.5259,37.65,100,100,19.26,GB,2022-04-06 00:47:58,overcast clouds
285,Kyshtovka,56.555,76.6271,35.19,91,35,11.83,RU,2022-04-06 00:47:58,scattered clouds
286,Strohonivka,44.9431,34.1973,36.41,77,4,5.7,UA,2022-04-06 00:47:58,clear sky
287,Don Sak,9.3168,99.6918,76.89,80,100,6.67,TH,2022-04-06 00:47:59,light rain
288,Havre-Saint-Pierre,50.2334,-63.5986,33.8,59,0,10.36,CA,2022-04-06 00:47:59,clear sky
289,Tucuman,-26.8241,-65.2226,69.8,83,75,2.3,AR,2022-04-06 00:47:10,broken clouds
290,Narsaq,60.9167,-46.05,34.02,83,23,0.43,GL,2022-04-06 00:47:59,few clouds
291,Chicama,-7.8447,-79.1469,66.74,74,43,6.93,PE,2022-04-06 00:48:00,scattered clouds
292,Rzhev,56.2624,34.3282,25.93,86,33,11.72,RU,2022-04-06 00:48:00,scattered clouds
293,Noumea,-22.2763,166.4572,80.01,99,100,13.78,NC,2022-04-06 00:48:01,light rain
294,Kilindoni,-7.9139,39.6668,82.36,72,4,5.95,TZ,2022-04-06 00:48:01,clear sky
295,Praia,14.9215,-23.5087,70.34,73,20,14.97,CV,2022-04-06 00:48:02,few clouds
296,Kapit,2.0167,112.9333,78.24,88,66,1.03,MY,2022-04-06 00:48:02,broken clouds
297,Coahuayana,18.7333,-103.6833,72.34,75,0,3.89,MX,2022-04-06 00:45:26,clear sky
298,Popondetta,-8.7537,148.2534,90.12,54,48,4.9,PG,2022-04-06 00:48:03,light rain
299,Wahpeton,46.2652,-96.6059,42.82,93,100,11.5,US,2022-04-06 00:48:03,mist
300,Sambava,-14.2667,50.1667,74.91,91,49,4.16,MG,2022-04-06 00:48:04,scattered clouds
301,Santa Rosa,14.3122,121.1114,85.01,71,100,12.62,PH,2022-04-06 00:45:14,overcast clouds
302,Banda Aceh,5.5577,95.3222,79.02,81,98,8.46,ID,2022-04-06 00:48:04,overcast clouds
303,Reconquista,-29.15,-59.65,68.0,87,14,6.15,AR,2022-04-06 00:48:06,few clouds
304,Wangqing,43.3218,129.7634,35.65,20,1,14.34,CN,2022-04-06 00:48:06,clear sky
305,Troitskoye,52.9821,84.6757,42.37,76,94,6.87,RU,2022-04-06 00:48:06,overcast clouds
306,Ixtapa,20.7,-105.2,74.43,69,20,10.36,MX,2022-04-06 00:48:07,few clouds
307,Parrita,9.5201,-84.3225,80.76,80,100,4.27,CR,2022-04-06 00:48:07,overcast clouds
308,Lukh,57.0124,42.2584,31.39,97,100,16.04,RU,2022-04-06 00:48:07,light snow
309,Gat,31.61,34.7642,82.4,19,100,7.78,IL,2022-04-06 00:48:08,overcast clouds
310,Broken Hill,-31.95,141.4333,69.51,46,27,12.66,AU,2022-04-06 00:48:08,scattered clouds
311,Vigrestad,58.5667,5.7,33.96,60,100,5.61,NO,2022-04-06 00:48:09,overcast clouds
312,Bambous Virieux,-20.3428,57.7575,79.05,89,40,8.05,MU,2022-04-06 00:48:09,light rain
313,Mandurah,-32.55,115.7,66.9,58,99,11.1,AU,2022-04-06 00:48:09,overcast clouds
314,Paamiut,61.994,-49.6678,29.41,90,100,1.83,GL,2022-04-06 00:48:10,overcast clouds
315,Vangaindrano,-23.35,47.6,75.09,89,62,2.46,MG,2022-04-06 00:48:10,broken clouds
316,Hudiksvall,61.729,17.1036,26.49,56,0,14.27,SE,2022-04-06 00:48:10,clear sky
317,Vila Velha,-20.3297,-40.2925,80.55,85,0,5.75,BR,2022-04-06 00:48:11,clear sky
318,Lishan,31.8576,113.2951,66.61,65,30,3.31,CN,2022-04-06 00:48:11,scattered clouds
319,Kampot,10.6167,104.1833,80.65,70,99,5.06,KH,2022-04-06 00:49:11,overcast clouds
320,Antalaha,-14.9003,50.2788,74.08,91,98,4.72,MG,2022-04-06 00:49:13,overcast clouds
321,Cairns,-16.9167,145.7667,90.1,60,22,6.91,AU,2022-04-06 00:49:13,few clouds
322,Naryan-Mar,67.6713,53.087,-3.66,100,100,6.71,RU,2022-04-06 00:49:14,overcast clouds
323,Vanavara,60.34,102.2797,23.27,92,100,5.59,RU,2022-04-06 00:49:14,overcast clouds
324,Clonakilty,51.6231,-8.8706,47.41,84,100,18.88,IE,2022-04-06 00:49:14,overcast clouds
325,Escanaba,45.7453,-87.0646,39.16,90,100,6.91,US,2022-04-06 00:49:15,overcast clouds
326,Pisco,-13.7,-76.2167,68.05,83,0,14.97,PE,2022-04-06 00:44:42,clear sky
327,Nalut,30.3333,10.85,79.2,14,1,7.4,LY,2022-04-06 00:49:15,clear sky
328,Lethem,3.3803,-59.7968,80.24,68,90,10.54,GY,2022-04-06 00:49:15,overcast clouds
329,Pangnirtung,66.1451,-65.7125,4.03,88,100,3.09,CA,2022-04-06 00:49:16,overcast clouds
330,Da Nang,16.0678,108.2208,71.58,94,75,8.05,VN,2022-04-06 00:49:16,mist
331,Bud,39.447,-86.1758,56.82,94,100,7.45,US,2022-04-06 00:49:17,overcast clouds
332,Astana,51.1801,71.446,31.95,86,100,6.71,KZ,2022-04-06 00:49:17,overcast clouds
333,Murashi,59.3999,48.9615,21.49,98,83,6.96,RU,2022-04-06 00:49:17,broken clouds
334,Omsukchan,62.5333,155.8,11.14,85,100,5.91,RU,2022-04-06 00:49:18,overcast clouds
335,Filingue,14.3521,3.3168,87.67,17,87,4.63,NE,2022-04-06 00:49:18,overcast clouds
336,Mahebourg,-20.4081,57.7,79.09,89,40,8.05,MU,2022-04-06 00:49:18,scattered clouds
337,Stephenville,32.2207,-98.2023,89.73,9,0,9.22,US,2022-04-06 00:45:36,clear sky
338,Tayoltita,24.0833,-105.9333,70.65,42,0,4.97,MX,2022-04-06 00:49:19,clear sky
339,Laguna,38.421,-121.4238,77.09,15,0,17.27,US,2022-04-06 00:49:19,clear sky
340,Aklavik,68.2191,-135.0107,5.79,82,100,8.25,CA,2022-04-06 00:49:20,overcast clouds
341,Druzhba,52.0428,33.9453,36.01,90,100,10.92,UA,2022-04-06 00:49:20,overcast clouds
342,Kumluca,36.3703,30.2869,63.37,46,99,5.97,TR,2022-04-06 00:49:20,overcast clouds
343,Nichinan,31.6,131.3667,64.08,41,100,2.73,JP,2022-04-06 00:49:21,overcast clouds
344,Sisimiut,66.9395,-53.6735,25.3,95,99,2.95,GL,2022-04-06 00:49:21,overcast clouds
345,Zhanakorgan,43.9098,67.2495,64.83,45,100,3.31,KZ,2022-04-06 00:49:21,overcast clouds
346,Sola,-13.8833,167.55,83.07,79,100,6.91,VU,2022-04-06 00:49:22,light rain
347,Helong,42.5397,128.9972,32.86,22,0,14.63,CN,2022-04-06 00:49:22,clear sky
348,Karratha,-20.7377,116.8463,87.91,48,6,3.13,AU,2022-04-06 00:49:22,clear sky
349,Inirida,3.8653,-67.9239,74.41,96,100,2.66,CO,2022-04-06 00:49:23,overcast clouds
350,Curaca,-8.9903,-39.9094,81.0,47,72,16.8,BR,2022-04-06 00:49:23,broken clouds
351,Progreso,21.2833,-89.6667,80.19,81,11,10.09,MX,2022-04-06 00:49:23,few clouds
352,Acapulco,16.8634,-99.8901,77.23,71,0,10.27,MX,2022-04-06 00:49:24,clear sky
353,Ancud,-41.8697,-73.8203,58.23,92,100,16.11,CL,2022-04-06 00:49:24,overcast clouds
354,Lazaro Cardenas,17.9583,-102.2,74.66,73,8,8.68,MX,2022-04-06 00:49:24,clear sky
355,Taltal,-25.4,-70.4833,70.11,53,100,3.76,CL,2022-04-06 00:49:25,overcast clouds
356,Batemans Bay,-35.7167,150.1833,66.09,72,100,7.25,AU,2022-04-06 00:49:25,overcast clouds
357,Nouakchott,18.0858,-15.9785,66.13,85,0,14.76,MR,2022-04-06 00:49:25,clear sky
358,Davila,18.4726,120.5763,84.18,75,95,19.37,PH,2022-04-06 00:49:26,overcast clouds
359,Athens,37.9795,23.7162,56.37,74,20,3.44,GR,2022-04-06 00:44:50,few clouds
360,Hamilton,39.1834,-84.5333,54.0,95,100,4.61,US,2022-04-06 00:48:54,overcast clouds
361,Araceli,10.5529,119.9913,82.85,75,100,16.58,PH,2022-04-06 00:49:26,overcast clouds
362,Grand Gaube,-20.0064,57.6608,79.2,92,100,1.99,MU,2022-04-06 00:49:27,heavy intensity rain
363,Hella,67.2,14.4333,23.88,83,100,4.61,NO,2022-04-06 00:49:27,overcast clouds
364,Flinders,-34.5833,150.8552,67.17,91,100,5.99,AU,2022-04-06 00:49:27,light rain
365,Alofi,-19.0595,-169.9187,84.09,65,75,4.61,NU,2022-04-06 00:49:28,broken clouds
366,Cansancao,-10.6672,-39.4992,74.41,72,0,10.49,BR,2022-04-06 00:50:28,clear sky
367,Emerald,-23.5333,148.1667,82.35,65,40,5.75,AU,2022-04-06 00:50:28,scattered clouds
368,Anadyr,64.75,177.4833,1.9,71,0,6.71,RU,2022-04-06 00:50:28,clear sky
369,Solton,52.8429,86.4787,39.07,99,99,4.85,RU,2022-04-06 00:50:29,overcast clouds
370,Boa Viagem,-5.1275,-39.7322,74.23,79,91,1.92,BR,2022-04-06 00:50:29,overcast clouds
371,Brae,60.3964,-1.353,37.22,73,100,6.44,GB,2022-04-06 00:50:29,overcast clouds
372,Zaysan,47.4667,84.8667,49.86,46,14,1.5,KZ,2022-04-06 00:50:30,few clouds
373,Dubbo,-32.25,148.6167,77.13,50,0,16.11,AU,2022-04-06 00:48:07,clear sky
374,Clyde River,70.4692,-68.5914,-3.77,84,0,3.44,CA,2022-04-06 00:45:38,clear sky
375,Visby,57.6409,18.296,34.83,60,0,17.27,SE,2022-04-06 00:46:03,clear sky
376,Andenes,69.3143,16.1194,33.78,69,100,31.07,NO,2022-04-06 00:50:30,overcast clouds
377,Severnoye,56.3491,78.3619,35.37,92,20,9.64,RU,2022-04-06 00:50:31,few clouds
378,Belmonte,-15.8631,-38.8828,77.68,82,0,5.26,BR,2022-04-06 00:50:31,clear sky
379,Saint Anthony,45.0205,-93.218,44.85,92,100,16.11,US,2022-04-06 00:50:31,moderate rain
380,Saldanha,-33.0117,17.9442,53.65,79,14,5.5,ZA,2022-04-06 00:50:31,few clouds
381,Komsomolskiy,40.4272,71.7189,59.72,41,16,9.22,UZ,2022-04-06 00:50:32,few clouds
382,Mango,27.9797,-82.3065,81.05,83,0,11.5,US,2022-04-06 00:50:32,clear sky
383,Waihi Beach,-37.4,175.9333,76.82,74,36,10.0,NZ,2022-04-06 00:50:09,scattered clouds
384,Touros,-5.1989,-35.4608,78.93,80,1,10.18,BR,2022-04-06 00:50:32,clear sky
385,Champerico,14.3,-91.9167,88.34,68,7,6.13,GT,2022-04-06 00:50:33,clear sky
386,Karasjok,69.4719,25.5112,23.58,92,100,22.1,NO,2022-04-06 00:50:33,overcast clouds
387,Ayagoz,47.9714,80.4392,47.98,52,9,3.27,KZ,2022-04-06 00:50:33,clear sky
388,Toora-Khem,52.4675,96.11,35.53,90,100,2.84,RU,2022-04-06 00:50:34,overcast clouds
389,Tessalit,20.1986,1.0114,83.62,6,0,4.83,ML,2022-04-06 00:50:34,clear sky
390,Gardez,33.5974,69.2259,51.78,30,0,1.95,AF,2022-04-06 00:50:34,clear sky
391,Pemangkat,1.1667,108.9667,82.02,74,92,2.24,ID,2022-04-06 00:50:35,light rain
392,Nuuk,64.1835,-51.7216,27.88,100,100,5.99,GL,2022-04-06 00:50:35,overcast clouds
393,Mikuni,36.2171,136.1519,64.31,53,26,8.19,JP,2022-04-06 00:50:35,scattered clouds
394,Half Moon Bay,37.4636,-122.4286,71.51,63,0,23.02,US,2022-04-06 00:45:35,clear sky
395,Sao Felix Do Xingu,-6.6447,-51.995,72.5,93,100,1.28,BR,2022-04-06 00:50:36,overcast clouds
396,Bizhbulyak,53.6967,54.2642,14.99,96,23,4.34,RU,2022-04-06 00:50:36,few clouds
397,Skaelskor,55.2506,11.2935,37.98,67,100,6.2,DK,2022-04-06 00:50:36,overcast clouds
398,Amapa,1.0,-52.0,71.64,99,100,2.59,BR,2022-04-06 00:50:36,light rain
399,Palmer,42.1584,-72.3287,51.4,46,75,11.5,US,2022-04-06 00:50:22,broken clouds
400,Miura,35.14,139.6192,64.04,62,100,9.78,JP,2022-04-06 00:50:37,overcast clouds
401,Yakeshi,49.2833,120.7333,20.68,50,0,13.91,CN,2022-04-06 00:50:37,clear sky
402,Serra Talhada,-7.9919,-38.2983,73.69,68,100,8.37,BR,2022-04-06 00:50:37,overcast clouds
403,Westerland,54.9079,8.3033,37.42,93,100,6.91,DE,2022-04-06 00:50:38,light rain
404,Bastrop,32.7562,-91.8724,82.08,76,0,7.09,US,2022-04-06 00:47:03,clear sky
405,Sao Miguel Do Araguaia,-13.275,-50.1628,77.65,65,37,1.72,BR,2022-04-06 00:50:38,scattered clouds
406,Chokurdakh,70.6333,147.9167,-5.19,92,14,6.22,RU,2022-04-06 00:50:38,few clouds
407,Camocim,-2.9022,-40.8411,76.24,90,82,5.91,BR,2022-04-06 00:50:39,moderate rain
408,Nome,64.5011,-165.4064,10.47,61,0,5.75,US,2022-04-06 00:50:39,clear sky
409,Nador,35.174,-2.9287,57.27,82,0,4.61,MA,2022-04-06 00:50:39,clear sky
410,Havelock,34.8791,-76.9013,69.78,86,100,8.05,US,2022-04-06 00:50:40,heavy intensity rain
411,Ridgecrest,35.6225,-117.6709,89.46,14,0,5.99,US,2022-04-06 00:48:55,clear sky
412,Hudson Bay,52.85,-102.3842,35.85,90,100,11.21,CA,2022-04-06 00:50:40,overcast clouds
413,Lagoa,39.05,-27.9833,59.68,86,34,15.61,PT,2022-04-06 00:51:40,scattered clouds
414,Sinnamary,5.3833,-52.95,77.38,87,82,11.16,GF,2022-04-06 00:51:41,broken clouds
415,Yamada,39.4667,141.95,55.22,50,100,9.01,JP,2022-04-06 00:51:41,overcast clouds
416,Novyy Urengoy,66.0833,76.6333,32.09,91,100,19.51,RU,2022-04-06 00:51:41,overcast clouds
417,Matamoros,25.5333,-103.25,81.05,9,0,8.43,MX,2022-04-06 00:51:41,clear sky
418,Siayan,8.2667,123.1,75.88,92,100,3.36,PH,2022-04-06 00:51:42,light rain
419,Barcelos,41.5388,-8.6151,49.91,64,6,3.4,PT,2022-04-06 00:51:42,clear sky
420,Talas,38.6908,35.5538,54.27,35,75,8.05,TR,2022-04-06 00:51:42,broken clouds
421,Victoria,22.2855,114.1577,74.95,75,35,1.01,HK,2022-04-06 00:50:10,scattered clouds
422,Rockport,28.0206,-97.0544,78.82,94,100,8.05,US,2022-04-06 00:51:43,mist
423,Bilma,18.6853,12.9164,84.16,7,0,6.15,NE,2022-04-06 00:51:43,clear sky
424,Bama,11.5221,13.6856,80.8,13,72,1.16,NG,2022-04-06 00:51:43,broken clouds
425,Emiliano Zapata,18.8333,-99.1833,80.31,17,16,2.75,MX,2022-04-06 00:49:42,few clouds
426,Zhezkazgan,47.8043,67.7144,40.98,75,20,8.95,KZ,2022-04-06 00:51:44,few clouds
427,Paralimni,35.0375,33.9833,62.15,80,43,3.0,CY,2022-04-06 00:51:44,scattered clouds
428,Dumas,35.8656,-101.9732,66.34,26,100,23.02,US,2022-04-06 00:51:44,haze
429,Asilah,35.465,-6.0348,55.36,87,99,19.48,MA,2022-04-06 00:51:45,overcast clouds
430,La Ronge,55.1001,-105.2842,44.85,45,20,10.36,CA,2022-04-06 00:51:45,few clouds
431,Lichinga,-13.3128,35.2406,68.09,94,75,5.75,MZ,2022-04-06 00:51:45,thunderstorm with rain
432,Kuching,1.55,110.3333,77.22,94,20,2.3,MY,2022-04-06 00:49:07,few clouds
433,Opuwo,-18.0607,13.84,63.59,50,0,1.19,NA,2022-04-06 00:51:46,clear sky
434,Dembi Dolo,8.5333,34.8,61.32,67,71,4.81,ET,2022-04-06 00:51:46,broken clouds
435,Canatlan,24.5167,-104.7833,68.04,18,0,18.03,MX,2022-04-06 00:51:47,clear sky
436,Macusani,-14.0833,-70.4333,35.13,94,100,3.31,PE,2022-04-06 00:51:47,overcast clouds
437,Chateaubelair,13.2833,-61.25,77.16,70,24,15.41,VC,2022-04-06 00:51:48,few clouds
438,Saint-Georges,12.0564,-61.7485,80.28,78,20,17.27,GD,2022-04-06 00:51:06,few clouds
439,Mehamn,71.0357,27.8492,29.12,84,100,26.62,NO,2022-04-06 00:47:46,light snow
440,Barra Patuca,15.8,-84.2833,80.91,79,98,17.18,HN,2022-04-06 00:51:49,overcast clouds
441,Lajas,18.05,-67.0593,79.18,78,100,11.99,PR,2022-04-06 00:51:49,overcast clouds
442,Penzance,50.1186,-5.5371,50.4,90,100,27.49,GB,2022-04-06 00:51:50,overcast clouds
443,Mariakani,-3.8633,39.4736,76.42,84,5,2.46,KE,2022-04-06 00:51:50,clear sky
444,Talnakh,69.4865,88.3972,10.17,78,100,7.94,RU,2022-04-06 00:51:51,overcast clouds
445,Wanaka,-44.7,169.15,63.1,49,1,1.01,NZ,2022-04-06 00:51:51,clear sky
446,Nyurba,63.2842,118.3319,8.04,93,97,0.87,RU,2022-04-06 00:51:51,overcast clouds
447,Joao Pinheiro,-17.7425,-46.1725,75.83,56,98,4.07,BR,2022-04-06 00:51:52,overcast clouds
448,Usinsk,65.9939,57.5281,-0.22,100,100,9.53,RU,2022-04-06 00:51:52,overcast clouds
449,Otradnoye,59.7775,30.8181,26.96,78,100,12.37,RU,2022-04-06 00:51:52,overcast clouds
450,Verkhnyaya Inta,65.9811,60.3094,6.1,97,100,13.04,RU,2022-04-06 00:51:52,overcast clouds
451,Qaqortoq,60.7167,-46.0333,29.55,93,41,4.43,GL,2022-04-06 00:51:53,scattered clouds
452,Vanimo,-2.6741,141.3028,85.35,66,100,3.78,PG,2022-04-06 00:51:53,overcast clouds
453,Sweetwater,25.7634,-80.3731,81.0,80,20,9.22,US,2022-04-06 00:51:53,few clouds
454,Kaili,-3.4626,120.2147,72.37,88,92,1.7,ID,2022-04-06 00:51:54,overcast clouds
455,Honningsvag,70.9821,25.9704,31.75,74,100,26.46,NO,2022-04-06 00:51:54,overcast clouds
456,Chapais,49.7834,-74.8492,29.98,92,16,3.56,CA,2022-04-06 00:47:47,few clouds
457,Port Augusta,-32.5,137.7667,76.35,35,3,8.48,AU,2022-04-06 00:51:54,clear sky
458,Warrnambool,-38.3833,142.4833,65.8,65,94,9.69,AU,2022-04-06 00:51:55,overcast clouds
459,Ulu-Telyak,54.9086,56.9669,26.69,94,86,4.68,RU,2022-04-06 00:51:55,overcast clouds
460,Naukot,24.8587,69.4024,78.33,47,100,9.62,PK,2022-04-06 00:52:55,overcast clouds
461,San Rafael,-34.6177,-68.3301,68.13,36,0,7.58,AR,2022-04-06 00:52:37,clear sky
462,Khuzhir,53.1939,107.3397,21.34,93,100,4.34,RU,2022-04-06 00:52:56,snow
463,Onega,63.9061,38.1404,32.13,89,100,15.01,RU,2022-04-06 00:52:56,overcast clouds
464,Khani,41.9563,42.9566,40.57,86,100,3.44,GE,2022-04-06 00:52:57,overcast clouds
465,Pozo Colorado,-23.4923,-58.7972,78.75,78,91,6.8,PY,2022-04-06 00:52:57,overcast clouds
466,Alyangula,-13.8483,136.4192,85.87,79,40,3.44,AU,2022-04-06 00:52:57,scattered clouds
467,Gweta,-20.1833,25.2333,76.46,41,0,4.83,BW,2022-04-06 00:52:57,clear sky
468,Eskisehir,39.7767,30.5206,45.91,66,1,3.96,TR,2022-04-06 00:52:58,clear sky
469,Ferme-Neuve,46.7001,-75.4493,32.13,93,5,3.49,CA,2022-04-06 00:52:58,clear sky
470,Hibbing,47.4272,-92.9377,33.4,54,100,17.27,US,2022-04-06 00:52:58,overcast clouds
471,Evensk,61.95,159.2333,20.35,70,9,3.96,RU,2022-04-06 00:52:59,clear sky
472,Pulaski,34.7668,-92.3001,71.91,72,0,1.01,US,2022-04-06 00:52:59,clear sky
473,Baranoa,10.7941,-74.9164,79.45,83,40,10.36,CO,2022-04-06 00:52:59,scattered clouds
474,Conceicao Do Araguaia,-8.2578,-49.2647,74.26,91,100,3.67,BR,2022-04-06 00:52:59,overcast clouds
475,Pa Daet,19.5049,99.9924,80.01,55,98,1.52,TH,2022-04-06 00:53:00,overcast clouds
476,Nushki,29.5542,66.0215,72.68,11,73,8.57,PK,2022-04-06 00:53:00,broken clouds
477,Capoterra,39.1763,8.9718,51.21,75,0,3.44,IT,2022-04-06 00:53:00,clear sky
478,Nanzhang,31.7765,111.8386,70.77,54,22,2.26,CN,2022-04-06 00:53:01,few clouds
479,Kinna,57.5073,12.6946,32.34,72,72,2.42,SE,2022-04-06 00:53:01,broken clouds
480,Clearwater,27.9659,-82.8001,79.18,84,40,17.27,US,2022-04-06 00:50:42,scattered clouds
481,Lorengau,-2.0226,147.2712,80.62,84,100,10.02,PG,2022-04-06 00:53:01,light rain
482,Zhigansk,66.7697,123.3711,-2.51,91,65,12.8,RU,2022-04-06 00:53:02,broken clouds
483,Reshetylivka,49.565,34.0782,41.67,83,100,10.78,UA,2022-04-06 00:53:02,overcast clouds
484,Candelaria,13.9311,121.4233,80.38,74,100,9.33,PH,2022-04-06 00:53:02,overcast clouds
485,Bukachacha,52.9833,116.9167,23.2,33,29,5.23,RU,2022-04-06 00:53:03,scattered clouds
486,Careiro Da Varzea,-3.2003,-59.8119,77.61,93,100,3.49,BR,2022-04-06 00:53:03,overcast clouds
487,Tura,25.5198,90.2201,72.12,85,22,6.51,IN,2022-04-06 00:53:04,few clouds
488,Ilmajoki,62.7333,22.5667,23.99,51,0,9.22,FI,2022-04-06 00:53:04,clear sky
489,Beni,0.5,29.4667,63.12,84,69,2.19,CD,2022-04-06 00:53:05,broken clouds
490,Zhireken,52.8249,117.3076,21.96,34,7,6.06,RU,2022-04-06 00:53:05,clear sky
491,Mount Gambier,-37.8333,140.7667,62.51,72,100,13.8,AU,2022-04-06 00:53:05,overcast clouds
492,Tala,30.6803,30.9429,75.0,12,44,8.3,EG,2022-04-06 00:53:06,scattered clouds
493,Sur,22.5667,59.5289,81.36,49,6,10.98,OM,2022-04-06 00:53:06,clear sky
494,Ha Giang,22.8333,104.9833,71.69,75,100,1.03,VN,2022-04-06 00:53:06,overcast clouds
495,Awjilah,29.1081,21.2869,83.66,8,11,5.28,LY,2022-04-06 00:53:07,few clouds
496,Agadez,19.75,10.25,83.3,7,0,5.64,NE,2022-04-06 00:53:07,clear sky
497,Hun,29.1268,15.9477,84.11,9,0,6.69,LY,2022-04-06 00:53:08,clear sky
498,Lyngdal,58.1376,7.07,36.9,72,100,1.23,NO,2022-04-06 00:53:08,overcast clouds
499,Mansa,29.9833,75.3833,73.83,12,0,1.86,IN,2022-04-06 00:53:08,clear sky
500,Kismayo,-0.3582,42.5454,80.19,78,1,11.18,SO,2022-04-06 00:53:09,clear sky
501,Rio Muerto,27.4167,-110.2333,74.07,54,0,9.69,MX,2022-04-06 00:53:09,clear sky
502,Banda,25.4833,80.3333,80.92,8,6,4.5,IN,2022-04-06 00:53:10,clear sky
503,Livingstone,-17.8419,25.8543,66.52,86,91,0.13,ZM,2022-04-06 00:53:10,overcast clouds
504,Kerrobert,51.9168,-109.1348,33.85,98,100,14.18,CA,2022-04-06 00:53:10,snow
505,Tual,-5.6667,132.75,82.78,70,10,8.08,ID,2022-04-06 00:54:11,clear sky
506,Marawi,7.9986,124.2928,67.71,98,100,0.45,PH,2022-04-06 00:54:11,moderate rain
507,Atar,20.5169,-13.0499,72.93,32,5,10.02,MR,2022-04-06 00:54:12,clear sky
508,Belyy Yar,53.6039,91.3903,35.49,87,83,6.71,RU,2022-04-06 00:54:12,broken clouds
509,Pindiga,9.9833,10.9333,81.16,17,57,3.33,NG,2022-04-06 00:54:12,broken clouds
510,Morondava,-20.2833,44.2833,75.52,65,11,8.1,MG,2022-04-06 00:54:13,few clouds
511,Garden City,42.3256,-83.331,52.48,77,100,10.36,US,2022-04-06 00:51:22,overcast clouds
512,Warwick,41.7001,-71.4162,50.83,65,0,9.22,US,2022-04-06 00:54:13,clear sky
513,Cabedelo,-6.9811,-34.8339,77.67,82,70,9.04,BR,2022-04-06 00:54:14,broken clouds
514,Bandarbeyla,9.4942,50.8122,77.4,75,0,5.55,SO,2022-04-06 00:54:15,clear sky
515,Tiarei,-17.5333,-149.3333,89.62,80,19,23.96,PF,2022-04-06 00:54:16,light rain
516,Mayo,38.8876,-76.5119,55.18,93,100,6.91,US,2022-04-06 00:54:16,mist
517,Buluang,13.3068,123.3425,84.29,66,100,5.5,PH,2022-04-06 00:54:16,overcast clouds
518,Mwandiga,-4.83,29.6581,70.77,84,100,3.56,TZ,2022-04-06 00:54:17,overcast clouds
519,Krasnaya Gora,52.9995,31.6023,30.52,94,100,7.52,RU,2022-04-06 00:54:17,overcast clouds
520,Wasilla,61.5814,-149.4394,40.06,77,100,10.36,US,2022-04-06 00:51:00,moderate rain
521,Wuwei,37.9281,102.6414,58.03,18,9,5.91,CN,2022-04-06 00:54:18,clear sky
522,Olafsvik,64.8945,-23.7142,27.16,67,60,27.56,IS,2022-04-06 00:50:32,broken clouds
523,Lapua,62.9693,23.0088,24.12,89,100,10.27,FI,2022-04-06 00:54:18,light snow
524,Suntar,62.1444,117.6319,13.1,88,93,1.19,RU,2022-04-06 00:54:19,overcast clouds
525,Port Blair,11.6667,92.75,77.04,94,40,2.3,IN,2022-04-06 00:54:19,mist
526,Minusinsk,53.7103,91.6875,35.62,80,99,3.78,RU,2022-04-06 00:54:19,overcast clouds
527,Turayf,31.6725,38.6637,68.25,21,0,5.75,SA,2022-04-06 00:54:20,clear sky
528,Baringo,0.4667,35.9667,74.41,52,80,4.41,KE,2022-04-06 00:54:20,broken clouds
529,Fengrun,39.8333,118.1167,47.05,15,100,8.97,CN,2022-04-06 00:54:20,overcast clouds
530,Ucluelet,48.9329,-125.5528,49.08,68,1,5.01,CA,2022-04-06 00:52:02,clear sky
531,Usta Muhammad,28.1794,68.0445,80.17,11,76,3.31,PK,2022-04-06 00:54:21,broken clouds
532,Proteccion,15.0333,-88.65,84.27,55,33,1.34,HN,2022-04-06 00:54:22,scattered clouds
533,Mitsamiouli,-11.3847,43.2844,81.12,75,2,5.46,KM,2022-04-06 00:54:22,clear sky
534,Ahipara,-35.1667,173.1667,72.23,79,22,10.27,NZ,2022-04-06 00:54:22,few clouds
535,Khromtau,50.2503,58.4347,31.96,76,49,4.74,KZ,2022-04-06 00:54:23,scattered clouds
536,Buchanan,5.8808,-10.0467,79.14,92,15,6.42,LR,2022-04-06 00:54:23,few clouds
537,Petropavlovsk-Kamchatskiy,53.0452,158.6483,48.79,32,0,8.95,RU,2022-04-06 00:54:23,clear sky
538,Paravola,38.6167,21.5167,53.19,80,59,2.04,GR,2022-04-06 00:54:24,broken clouds
539,Huarmey,-10.0681,-78.1522,69.84,84,83,10.04,PE,2022-04-06 00:54:24,broken clouds
540,Rosarito,32.3333,-117.0333,75.24,67,4,3.36,MX,2022-04-06 00:54:24,clear sky
541,Megion,61.0296,76.1136,37.42,80,100,20.65,RU,2022-04-06 00:54:24,overcast clouds
542,Shache,38.4167,77.2406,59.25,18,0,6.8,CN,2022-04-06 00:54:25,clear sky
543,Quetzaltenango,14.8333,-91.5167,63.18,87,100,0.0,GT,2022-04-06 00:54:25,overcast clouds
544,Adrar,20.5022,-10.0711,72.61,31,1,11.68,MR,2022-04-06 00:54:25,clear sky
545,San Antonio,29.4241,-98.4936,91.15,30,75,6.91,US,2022-04-06 00:52:52,broken clouds
546,Praia Da Vitoria,38.7333,-27.0667,59.76,88,20,7.65,PT,2022-04-06 00:54:26,few clouds
547,Kalmunai,7.4167,81.8167,77.63,84,82,2.08,LK,2022-04-06 00:54:26,broken clouds
548,Auki,-8.7676,160.7034,79.11,88,100,7.2,SB,2022-04-06 00:55:27,overcast clouds
549,Borborema,-21.6197,-49.0736,75.22,81,50,6.78,BR,2022-04-06 00:55:27,scattered clouds
550,Olinda,-8.0089,-34.8553,82.13,74,40,8.05,BR,2022-04-06 00:55:27,scattered clouds
551,Santa Fe,-31.6333,-60.7,70.02,78,0,1.01,AR,2022-04-06 00:55:06,light rain
552,Verdun,49.25,5.3333,49.15,98,98,8.7,FR,2022-04-06 00:55:28,overcast clouds
553,Fare,-16.7,-151.0167,82.89,76,7,19.17,PF,2022-04-06 00:55:28,light rain
554,Saquena,-4.6667,-73.5167,75.45,94,98,1.81,PE,2022-04-06 00:55:28,overcast clouds
555,Port Hardy,50.6996,-127.4199,46.4,70,75,2.3,CA,2022-04-06 00:55:29,light intensity shower rain
556,Moulins,46.5,3.3333,43.61,97,100,2.15,FR,2022-04-06 00:55:29,overcast clouds
557,Kattivakkam,13.2167,80.3167,81.07,89,8,7.09,IN,2022-04-06 00:55:29,clear sky
558,Izumo,35.3667,132.7667,60.75,63,40,17.27,JP,2022-04-06 00:55:29,scattered clouds
559,Ekhabi,53.5102,142.9671,31.73,75,100,13.73,RU,2022-04-06 00:55:30,overcast clouds
560,Konevo,62.1215,39.3192,31.12,93,100,11.52,RU,2022-04-06 00:55:30,light snow
561,Luba,3.4568,8.5547,78.69,81,100,2.95,GQ,2022-04-06 00:55:30,moderate rain
562,Northport,33.229,-87.5772,71.26,82,23,3.44,US,2022-04-06 00:53:49,few clouds
563,Ust-Nera,64.5667,143.2,4.19,93,74,6.51,RU,2022-04-06 00:55:31,broken clouds
564,Serenje,-13.2325,30.2352,60.75,96,100,3.0,ZM,2022-04-06 00:55:31,overcast clouds
565,Juneau,58.3019,-134.4197,37.22,93,100,5.75,US,2022-04-06 00:52:31,light rain
566,Jiwani,25.05,61.7417,79.29,72,97,5.08,PK,2022-04-06 00:55:31,overcast clouds
567,Tshikapa,-6.4167,20.8,71.08,97,100,1.12,CD,2022-04-06 00:55:12,overcast clouds
568,Ambovombe,-25.1667,46.0833,72.82,82,78,5.66,MG,2022-04-06 00:55:32,broken clouds
569,Kangaatsiaq,68.3065,-53.4641,24.94,95,100,4.43,GL,2022-04-06 00:55:32,overcast clouds
570,Pontal Do Parana,-25.6533,-48.5128,71.73,90,99,2.93,BR,2022-04-06 00:55:33,overcast clouds
571,Belaya Gora,68.5333,146.4167,-3.73,89,79,3.29,RU,2022-04-06 00:55:33,broken clouds
572,Hirara,24.8,125.2833,71.87,60,40,10.36,JP,2022-04-06 00:55:33,scattered clouds
573,Ojinaga,29.5667,-104.4167,89.42,15,0,17.27,MX,2022-04-06 00:55:33,clear sky
574,Leh,34.1667,77.5833,24.17,51,0,5.26,IN,2022-04-06 00:55:34,clear sky
575,Ternate,0.8,127.4,82.09,79,31,10.65,ID,2022-04-06 00:55:34,scattered clouds
576,Faya,18.3851,42.4509,60.91,13,0,5.7,SA,2022-04-06 00:55:34,clear sky
577,Sapa,5.1544,120.3241,80.83,81,100,7.11,PH,2022-04-06 00:55:35,overcast clouds
578,Korla,41.7597,86.1469,58.93,25,0,4.38,CN,2022-04-06 00:55:35,clear sky
579,Vao,-22.6667,167.4833,76.71,83,100,16.22,NC,2022-04-06 00:55:35,overcast clouds
580,San Carlos De Bariloche,-41.1456,-71.3082,53.35,66,40,19.57,AR,2022-04-06 00:55:35,light rain
581,Orlik,52.5178,99.825,28.92,88,57,3.53,RU,2022-04-06 00:55:36,broken clouds
582,Paraiso,9.8383,-83.8656,66.42,98,100,1.86,CR,2022-04-06 00:55:36,overcast clouds
583,Zyryanka,65.75,150.85,-0.09,78,86,2.59,RU,2022-04-06 00:55:36,overcast clouds
584,Agueda,40.5772,-8.4444,46.4,84,83,3.47,PT,2022-04-06 00:55:37,broken clouds
585,Sciacca,37.5082,13.0881,56.98,76,1,5.64,IT,2022-04-06 00:55:37,clear sky
586,Vyyezdnoye,55.3815,43.7864,32.0,96,100,15.28,RU,2022-04-06 00:55:37,light snow
587,Thinadhoo,0.5333,72.9333,81.73,73,6,3.04,MV,2022-04-06 00:55:38,clear sky
588,Saskatoon,52.1168,-106.6345,37.38,88,100,11.5,CA,2022-04-06 00:50:48,overcast clouds
589,San Luis,-33.295,-66.3356,62.19,63,0,5.46,AR,2022-04-06 00:55:11,clear sky
590,Shimoda,34.6667,138.95,65.1,59,100,12.62,JP,2022-04-06 00:55:38,overcast clouds
591,Cacapava Do Sul,-30.5122,-53.4914,60.46,83,56,2.84,BR,2022-04-06 00:55:38,broken clouds
592,San Quintin,30.4833,-115.95,63.63,73,1,6.64,MX,2022-04-06 00:55:39,clear sky
593,Mildura,-34.2,142.15,67.06,55,100,9.22,AU,2022-04-06 00:55:39,overcast clouds
594,Fatezh,52.0891,35.8632,37.38,97,100,12.97,RU,2022-04-06 00:55:39,overcast clouds
595,Kyra,49.5776,111.9753,30.4,46,86,3.4,RU,2022-04-06 00:56:40,overcast clouds
596,Williams Lake,52.1415,-122.1445,42.06,60,75,5.75,CA,2022-04-06 00:56:40,broken clouds
597,Ravar,31.2656,56.8055,71.13,14,74,11.34,IR,2022-04-06 00:56:40,broken clouds
598,Carlsbad,33.1581,-117.3506,81.09,75,26,5.99,US,2022-04-06 00:55:24,scattered clouds
599,Yerofey Pavlovich,53.9667,121.9667,22.35,42,21,10.71,RU,2022-04-06 00:56:41,few clouds
600,Lewistown,40.5992,-77.5714,53.19,96,100,4.61,US,2022-04-06 00:56:41,light rain
601,Helena,46.5927,-112.0361,38.8,45,96,25.99,US,2022-04-06 00:56:41,overcast clouds
602,Pacific Grove,36.6177,-121.9166,68.9,68,0,5.99,US,2022-04-06 00:56:42,clear sky
603,Dumai,1.6833,101.45,77.11,90,47,3.11,ID,2022-04-06 00:56:42,scattered clouds
604,Gravdal,68.1214,13.5031,32.58,61,100,15.08,NO,2022-04-06 00:56:42,overcast clouds
605,Lodja,-3.4833,23.4333,68.68,97,100,2.91,CD,2022-04-06 00:56:43,overcast clouds
606,Pokhara,28.2333,83.9833,71.44,36,14,5.48,NP,2022-04-06 00:56:43,few clouds
607,Aginskoye,51.1,114.53,26.26,30,99,5.39,RU,2022-04-06 00:56:43,overcast clouds
608,Cedar City,37.6775,-113.0619,52.39,32,0,13.31,US,2022-04-06 00:54:52,clear sky
609,Saint-Augustin,51.226,-58.6502,32.59,84,100,12.97,CA,2022-04-06 00:56:44,overcast clouds
610,Grahamstown,-33.3042,26.5328,50.95,87,4,3.91,ZA,2022-04-06 00:52:35,clear sky
611,Kathmandu,27.7167,85.3167,64.62,72,75,2.3,NP,2022-04-06 00:56:44,mist
612,Odweyne,9.4092,45.064,69.33,26,0,10.67,SO,2022-04-06 00:56:44,clear sky
613,Caravelas,-17.7125,-39.2481,76.66,85,57,4.9,BR,2022-04-06 00:56:45,broken clouds
614,Pontian Kecil,1.4801,103.3899,77.32,79,61,3.49,MY,2022-04-06 00:56:45,broken clouds
615,Gaoua,10.2992,-3.2508,86.47,43,93,1.52,BF,2022-04-06 00:56:45,overcast clouds
616,Rawlins,41.7911,-107.2387,31.35,33,97,30.38,US,2022-04-06 00:56:46,overcast clouds
617,Tonj,7.2737,28.6822,82.17,47,9,3.18,SS,2022-04-06 00:56:46,clear sky
618,Coos Bay,43.3665,-124.2179,52.99,79,40,19.57,US,2022-04-06 00:56:46,scattered clouds
619,Novospasskoye,53.1468,47.7514,34.9,77,100,9.55,RU,2022-04-06 00:56:47,overcast clouds
620,Kozachi Laheri,46.7037,32.9776,42.76,93,89,14.92,UA,2022-04-06 00:56:47,overcast clouds
621,Coxim,-18.5067,-54.76,77.41,65,5,1.3,BR,2022-04-06 00:56:47,clear sky
622,Bar Harbor,44.3876,-68.2039,44.26,70,86,7.07,US,2022-04-06 00:56:48,overcast clouds
623,Pangkalanbuun,-2.6833,111.6167,79.25,87,98,2.39,ID,2022-04-06 00:56:49,overcast clouds
624,Ostersund,63.1792,14.6357,18.61,86,2,16.11,SE,2022-04-06 00:56:49,clear sky
625,Ritchie,-29.038,24.6028,45.61,50,0,6.06,ZA,2022-04-06 00:54:16,clear sky
626,Krasnopillya,50.7746,35.2597,38.84,96,100,13.15,UA,2022-04-06 00:56:50,overcast clouds
627,Spring Hill,28.4769,-82.5255,79.07,79,88,1.01,US,2022-04-06 00:55:15,overcast clouds
628,Taitung,22.7583,121.1444,75.47,64,75,4.61,TW,2022-04-06 00:52:07,broken clouds
629,Mandan,46.8267,-100.8896,43.57,74,40,20.71,US,2022-04-06 00:56:50,scattered clouds
630,Ratnagiri,16.9833,73.3,79.16,86,99,6.46,IN,2022-04-06 00:56:51,overcast clouds
631,Savinka,50.0785,47.0994,36.18,82,100,9.98,RU,2022-04-06 00:56:51,overcast clouds
632,Beloha,-25.1667,45.05,71.33,95,13,4.65,MG,2022-04-06 00:56:51,few clouds
633,Aksu,41.1231,80.2644,57.92,25,0,5.14,CN,2022-04-06 00:56:52,clear sky
634,Pangai,-19.8,-174.35,86.11,58,20,5.75,TO,2022-04-06 00:56:52,few clouds
635,Yangmei,24.1023,112.5618,68.83,58,32,2.39,CN,2022-04-06 00:56:52,scattered clouds
636,Kralendijk,12.15,-68.2667,78.53,83,24,18.25,BQ,2022-04-06 00:56:53,few clouds
637,College,64.8569,-147.8028,33.58,56,0,5.75,US,2022-04-06 00:56:54,clear sky
638,Severnyy,50.677,36.5532,39.24,81,0,11.18,RU,2022-04-06 00:56:54,clear sky
639,Tommot,58.9564,126.2925,13.89,80,100,10.09,RU,2022-04-06 00:56:55,overcast clouds
640,Baruun-Urt,46.6806,113.2792,35.04,41,100,7.0,MN,2022-04-06 00:56:55,overcast clouds
641,Ribas Do Rio Pardo,-20.4431,-53.7592,78.94,65,70,4.12,BR,2022-04-06 00:57:55,broken clouds
642,Kulhudhuffushi,6.6221,73.07,82.96,68,15,0.67,MV,2022-04-06 00:57:56,few clouds
643,Fort Nelson,58.8053,-122.7002,49.59,23,75,4.61,CA,2022-04-06 00:57:56,broken clouds
644,Plastun,44.7561,136.2939,38.28,29,73,14.52,RU,2022-04-06 00:57:57,broken clouds
645,Bazarnyye Mataki,54.8833,49.9333,29.48,88,100,11.83,RU,2022-04-06 00:57:58,overcast clouds
646,Hofn,64.2539,-15.2082,31.53,62,22,22.5,IS,2022-04-06 00:57:58,snow
647,Luganville,-15.5333,167.1667,85.26,73,100,14.76,VU,2022-04-06 00:57:58,overcast clouds
648,Iwanai,42.9744,140.5089,38.71,95,100,9.93,JP,2022-04-06 00:57:58,overcast clouds
649,Ust-Kuyga,70.0167,135.6,-8.05,91,55,2.73,RU,2022-04-06 00:57:59,broken clouds
650,Boyolangu,-8.1181,111.8935,79.81,81,78,3.53,ID,2022-04-06 00:57:59,broken clouds
651,Jenjarom,2.8766,101.4988,78.91,85,44,2.64,MY,2022-04-06 00:57:59,scattered clouds
652,Fairbanks,64.8378,-147.7164,33.6,55,0,5.75,US,2022-04-06 00:54:58,clear sky
653,Yeppoon,-23.1333,150.7333,82.18,66,2,13.15,AU,2022-04-06 00:58:00,clear sky
654,Pochutla,15.7432,-96.4661,79.83,65,0,6.08,MX,2022-04-06 00:58:00,clear sky
655,Kozhva,65.1073,57.0459,-5.8,100,93,3.53,RU,2022-04-06 00:58:00,overcast clouds
656,Zaozerne,45.1582,33.2787,45.18,88,14,16.6,UA,2022-04-06 00:58:01,few clouds
657,Beringovskiy,63.05,179.3167,7.57,67,0,2.59,RU,2022-04-06 00:58:01,clear sky
658,Sokoni,-6.4333,39.55,82.89,71,6,6.82,TZ,2022-04-06 00:58:02,clear sky
659,Presidente Dutra,-5.29,-44.49,73.02,96,100,3.11,BR,2022-04-06 00:58:02,overcast clouds
660,Karpathos,35.507,27.2132,60.76,94,3,3.44,GR,2022-04-06 00:58:02,clear sky
661,Promyshlennyy,67.5833,63.9167,13.05,94,100,17.76,RU,2022-04-06 00:58:03,overcast clouds
662,Benguela,-12.5763,13.4055,73.92,87,72,3.58,AO,2022-04-06 00:58:03,broken clouds
